{
  "name": "Kevin",
  "timestamp": "2026-01-30T13:08:51.678942",
  "P": 0.75,
  "E": 0.85,
  "I": 0.7,
  "G": 0.9,
  "Q": 0.7999999999999999,
  "trajectory": 0.0
}