{
  "experiment": "Scaling with Seed Diversity",
  "timestamp": "2026-01-31T07:13:07.481925",
  "configurations_tested": 12,
  "sizes_tested": [
    5,
    10,
    15
  ],
  "distribution_modes": {
    "homogeneous_omega+": "All Omega+",
    "homogeneous_alpha+": "All Alpha+",
    "mixed_balanced": "Balanced mix",
    "omega_dominant": "75% Omega, 25% Alpha"
  },
  "all_results": [
    {
      "size": 5,
      "distribution_mode": "homogeneous_omega+",
      "distribution_description": "All Omega+",
      "seed_counts": {
        "Omega+": 5
      },
      "initial_coherence": 0.9999999999999997,
      "final_coherence": 1.0000000000000004,
      "coherence_change": 7.771561172376096e-16,
      "runtime_seconds": 0.05216360092163086,
      "coherence_timeline": [
        0.9999999999999997,
        1.0,
        1.0000000000000004,
        1.0000000000000004,
        1.0000000000000004,
        1.0000000000000004,
        1.0000000000000004
      ]
    },
    {
      "size": 5,
      "distribution_mode": "homogeneous_alpha+",
      "distribution_description": "All Alpha+",
      "seed_counts": {
        "Alpha+": 5
      },
      "initial_coherence": 0.9999999999999997,
      "final_coherence": 1.0000000000000002,
      "coherence_change": 5.551115123125783e-16,
      "runtime_seconds": 0.05313754081726074,
      "coherence_timeline": [
        0.9999999999999997,
        1.0,
        1.0000000000000004,
        1.0000000000000004,
        1.0,
        1.0,
        1.0000000000000002
      ]
    },
    {
      "size": 5,
      "distribution_mode": "mixed_balanced",
      "distribution_description": "Balanced mix",
      "seed_counts": {
        "Omega+": 2,
        "Omega-": 1,
        "Alpha+": 1,
        "Alpha-": 1
      },
      "initial_coherence": 0.9999999999999997,
      "final_coherence": 1.0000000000000002,
      "coherence_change": 5.551115123125783e-16,
      "runtime_seconds": 0.05414867401123047,
      "coherence_timeline": [
        0.9999999999999997,
        1.0,
        1.0000000000000004,
        1.0,
        1.0000000000000004,
        1.0000000000000002,
        1.0000000000000002
      ]
    },
    {
      "size": 5,
      "distribution_mode": "omega_dominant",
      "distribution_description": "75% Omega, 25% Alpha",
      "seed_counts": {
        "Omega+": 3,
        "Omega-": 1,
        "Alpha-": 1
      },
      "initial_coherence": 0.9999999999999997,
      "final_coherence": 1.0000000000000004,
      "coherence_change": 7.771561172376096e-16,
      "runtime_seconds": 0.050096750259399414,
      "coherence_timeline": [
        0.9999999999999997,
        1.0,
        1.0000000000000004,
        1.0,
        1.0000000000000004,
        1.0000000000000002,
        1.0000000000000004
      ]
    },
    {
      "size": 10,
      "distribution_mode": "homogeneous_omega+",
      "distribution_description": "All Omega+",
      "seed_counts": {
        "Omega+": 10
      },
      "initial_coherence": 0.9999999999999997,
      "final_coherence": 1.0000000000000004,
      "coherence_change": 7.771561172376096e-16,
      "runtime_seconds": 0.05184602737426758,
      "coherence_timeline": [
        0.9999999999999997,
        0.9999999999999998,
        1.0000000000000004,
        1.0000000000000004,
        1.0000000000000004,
        1.0000000000000004,
        1.0000000000000004
      ]
    },
    {
      "size": 10,
      "distribution_mode": "homogeneous_alpha+",
      "distribution_description": "All Alpha+",
      "seed_counts": {
        "Alpha+": 10
      },
      "initial_coherence": 0.9999999999999997,
      "final_coherence": 1.0000000000000002,
      "coherence_change": 5.551115123125783e-16,
      "runtime_seconds": 0.05014967918395996,
      "coherence_timeline": [
        0.9999999999999997,
        0.9999999999999998,
        1.0,
        1.0000000000000004,
        1.0000000000000004,
        1.0,
        1.0000000000000002
      ]
    },
    {
      "size": 10,
      "distribution_mode": "mixed_balanced",
      "distribution_description": "Balanced mix",
      "seed_counts": {
        "Omega+": 3,
        "Omega-": 3,
        "Alpha+": 2,
        "Alpha-": 2
      },
      "initial_coherence": 0.9999999999999997,
      "final_coherence": 1.0000000000000004,
      "coherence_change": 7.771561172376096e-16,
      "runtime_seconds": 0.0516054630279541,
      "coherence_timeline": [
        0.9999999999999997,
        0.9999999999999997,
        1.0000000000000002,
        1.0,
        1.0000000000000002,
        1.0000000000000004,
        1.0000000000000004
      ]
    },
    {
      "size": 10,
      "distribution_mode": "omega_dominant",
      "distribution_description": "75% Omega, 25% Alpha",
      "seed_counts": {
        "Omega+": 5,
        "Omega-": 3,
        "Alpha-": 2
      },
      "initial_coherence": 0.9999999999999997,
      "final_coherence": 1.0000000000000002,
      "coherence_change": 5.551115123125783e-16,
      "runtime_seconds": 0.05034637451171875,
      "coherence_timeline": [
        0.9999999999999997,
        0.9999999999999998,
        1.0000000000000004,
        1.0000000000000004,
        1.0,
        1.0000000000000004,
        1.0000000000000002
      ]
    },
    {
      "size": 15,
      "distribution_mode": "homogeneous_omega+",
      "distribution_description": "All Omega+",
      "seed_counts": {
        "Omega+": 15
      },
      "initial_coherence": 0.9999999999999998,
      "final_coherence": 1.0000000000000002,
      "coherence_change": 4.440892098500626e-16,
      "runtime_seconds": 0.050774574279785156,
      "coherence_timeline": [
        0.9999999999999998,
        0.9999999999999998,
        1.0000000000000002,
        1.0000000000000002,
        1.0000000000000002,
        1.0000000000000002,
        1.0000000000000002
      ]
    },
    {
      "size": 15,
      "distribution_mode": "homogeneous_alpha+",
      "distribution_description": "All Alpha+",
      "seed_counts": {
        "Alpha+": 15
      },
      "initial_coherence": 0.9999999999999998,
      "final_coherence": 1.0000000000000002,
      "coherence_change": 4.440892098500626e-16,
      "runtime_seconds": 0.05145263671875,
      "coherence_timeline": [
        0.9999999999999998,
        0.9999999999999999,
        1.0,
        1.0000000000000002,
        1.0000000000000002,
        1.0,
        1.0000000000000002
      ]
    },
    {
      "size": 15,
      "distribution_mode": "mixed_balanced",
      "distribution_description": "Balanced mix",
      "seed_counts": {
        "Omega+": 4,
        "Omega-": 4,
        "Alpha+": 4,
        "Alpha-": 3
      },
      "initial_coherence": 0.9999999999999998,
      "final_coherence": 1.0000000000000002,
      "coherence_change": 4.440892098500626e-16,
      "runtime_seconds": 0.0521242618560791,
      "coherence_timeline": [
        0.9999999999999998,
        0.9999999999999999,
        1.0000000000000002,
        1.0000000000000002,
        1.0000000000000002,
        1.0000000000000002,
        1.0000000000000002
      ]
    },
    {
      "size": 15,
      "distribution_mode": "omega_dominant",
      "distribution_description": "75% Omega, 25% Alpha",
      "seed_counts": {
        "Omega+": 8,
        "Omega-": 4,
        "Alpha-": 3
      },
      "initial_coherence": 0.9999999999999998,
      "final_coherence": 1.0000000000000002,
      "coherence_change": 4.440892098500626e-16,
      "runtime_seconds": 0.05136919021606445,
      "coherence_timeline": [
        0.9999999999999998,
        0.9999999999999998,
        1.0000000000000002,
        1.0000000000000002,
        1.0000000000000002,
        1.0000000000000002,
        1.0000000000000002
      ]
    }
  ],